Workbook

Sheet despacho auditado
A2: Ofertas de Generación | B2: Unidad 1 | E2: Unidad 2 | H2: Unidad 3
A3: Bloque | B3: 1 | C3: 2 | D3: 3 | E3: 1 | F3: 2 | G3: 3 | H3: 1 | I3: 2 | J3: 3
A4: Potencia ACUMULADA (MW) | B4: 5 | C4: =12+B4 -> 17 | D4: =13+C4 -> 30 | E4: 8 | F4: =8+E4 -> 16 | G4: =9+F4 -> 25 | H4: 10 | I4: =10+H4 -> 20 | J4: =5+I4 -> 25
A5: Precio ($/MWh) | B5: 1 | C5: 3 | D5: 3.5 | E5: 4.5 | F5: =5 -> 5 | G5: 6 | H5: 8 | I5: 9 | J5: 10
A7: Posturas de la Gemanda | B7: Demanda 1 | F7: Demanda 2
A8: Bloque | B8: 1 | C8: 2 | D8: 3 | E8: 4 | F8: 1 | G8: 2 | H8: 3 | I8: 4
A9: Potencia ACUMULADA (MW) | B9: 8 | C9: =5+B9 -> 13 | D9: =5+C9 -> 18 | E9: =3+D9 -> 21 | F9: 7 | G9: =4+F9 -> 11 | H9: =4+G9 -> 15 | I9: =3+H9 -> 18
A10: Precio ($/MWh) | B10: 20 | C10: 15 | D10: 7 | E10: 4 | F10: 18 | G10: 16 | H10: 11 | I10: 3
B43: m01 | C43: 0.0991 | D43: $/MW2h | E43: PminG1 | F43: 0.8782 | G43: $/MWh
B44: m02 | C44: 0.0887 | D44: $/MW2h | E44: PminG2 | F44: 3.7177 | G44: $/MWh
B45: m03 | C45: 0.1286 | D45: $/MW2h | E45: PminG3 | F45: 6.6429 | G45: $/MWh
B46: md1 | C46: -1.2755 | D46: $/MW2h | E46: pmaxD1 | F46: 30.633 | G46: $/MWh
B47: md2 | C47: -1.3236 | D47: $/MW2h | E47: pmaxD2 | F47: 28.876 | G47: $/MWh
B51: =C43 -> 0.0991 | C51: 0 | D51: 0 | E51: 0 | F51: 0 | G51: -1 | I51: 33.700144 | J51: =QG1 | K51: =B51*I$51+C51*I$52+D51*I$53+E51*I$54+F51*I$55+G51*I$56 -> -0.8782 | M51: =-F43 -> -0.8782
B52: 0 | C52: =C44 -> 0.0887 | D52: 0 | E52: 0 | F52: 0 | G52: -1 | I52: 5.6390556 | J52: =QG2 | K52: =B52*I$51+C52*I$52+D52*I$53+E52*I$54+F52*I$55+G52*I$56 -> -3.7177 | M52: =-F44 -> -3.7177
B53: 0 | C53: 0 | D53: =C45 -> 0.1286 | E53: 0 | F53: 0 | G53: -1 | I53: 0 | J53: =QG3 | K53: =B53*I$51+C53*I$52+D53*I$53+E53*I$54+F53*I$55+G53*I$56 -> -4.2178842 | L53: = | M53: =-F45 -> -6.6429
B54: 0 | C54: 0 | D54: 0 | E54: =C46 -> -1.2755 | F54: 0 | G54: -1 | I54: 20.709616 | J54: =QD1 | K54: =B54*I$51+C54*I$52+D54*I$53+E54*I$54+F54*I$55+G54*I$56 -> -30.633 | M54: =-F46 -> -30.633
B55: 0 | C55: 0 | D55: 0 | E55: 0 | F55: =C47 -> -1.3236 | G55: -1 | I55: 18.629583 | J55: =QD2 | K55: =B55*I$51+C55*I$52+D55*I$53+E55*I$54+F55*I$55+G55*I$56 -> -28.876 | M55: =-F47 -> -28.876
B56: -1 | C56: -1 | D56: -1 | E56: 1 | F56: 1 | G56: 0 | I56: 4.2178842 | J56: =l | K56: =B56*I$51+C56*I$52+D56*I$53+E56*I$54+F56*I$55+G56*I$56 -> 3.5527137e-15 | M56: =-F48 -> 0

Sheet Costos
G2: Q (MW) | H2: 0 | I2: 3 | J2: 6 | K2: 9 | L2: 12 | M2: 15 | N2: 18 | O2: 21 | P2: 24 | Q2: 27 | R2: 30 | S2: 33
A3: ='despacho auditado'!B43 -> m01 | B3: ='despacho auditado'!C43 -> 0.0991 | C3: ='despacho auditado'!D43 -> $/MW2h | D3: ='despacho auditado'!E43 -> PminG1 | E3: ='despacho auditado'!F43 -> 0.8782 | G3: OPEX1 ($/h) | H3: =$E3*H$2+0.5*$B3*H$2*H$2 -> 0 | I3: =$E3*I$2+0.5*$B3*I$2*I$2 -> 3.08055 | J3: =$E3*J$2+0.5*$B3*J$2*J$2 -> 7.053 | K3: =$E3*K$2+0.5*$B3*K$2*K$2 -> 11.91735 | L3: =$E3*L$2+0.5*$B3*L$2*L$2 -> 17.6736 | M3: =$E3*M$2+0.5*$B3*M$2*M$2 -> 24.32175 | N3: =$E3*N$2+0.5*$B3*N$2*N$2 -> 31.8618 | O3: =$E3*O$2+0.5*$B3*O$2*O$2 -> 40.29375 | ... S3: =$E3*S$2+0.5*$B3*S$2*S$2 -> 82.94055
A4: ='despacho auditado'!B44 -> m02 | B4: ='despacho auditado'!C44 -> 0.0887 | C4: ='despacho auditado'!D44 -> $/MW2h | D4: ='despacho auditado'!E44 -> PminG2 | E4: ='despacho auditado'!F44 -> 3.7177 | G4: OPEX2 ($/h) | H4: =$E4*H$2+0.5*$B4*H$2*H$2 -> 0 | I4: =$E4*I$2+0.5*$B4*I$2*I$2 -> 11.55225 | J4: =$E4*J$2+0.5*$B4*J$2*J$2 -> 23.9028 | K4: =$E4*K$2+0.5*$B4*K$2*K$2 -> 37.05165 | L4: =$E4*L$2+0.5*$B4*L$2*L$2 -> 50.9988 | M4: =$E4*M$2+0.5*$B4*M$2*M$2 -> 65.74425 | N4: =$E4*N$2+0.5*$B4*N$2*N$2 -> 81.288 | O4: =$E4*O$2+0.5*$B4*O$2*O$2 -> 97.63005 | ... S4: =$E4*S$2+0.5*$B4*S$2*S$2 -> 170.98125
A5: ='despacho auditado'!B45 -> m03 | B5: ='despacho auditado'!C45 -> 0.1286 | C5: ='despacho auditado'!D45 -> $/MW2h | D5: ='despacho auditado'!E45 -> PminG3 | E5: ='despacho auditado'!F45 -> 6.6429 | G5: OPEX3 ($/h) | H5: =$E5*H$2+0.5*$B5*H$2*H$2 -> 0 | I5: =$E5*I$2+0.5*$B5*I$2*I$2 -> 20.5074 | J5: =$E5*J$2+0.5*$B5*J$2*J$2 -> 42.1722 | K5: =$E5*K$2+0.5*$B5*K$2*K$2 -> 64.9944 | L5: =$E5*L$2+0.5*$B5*L$2*L$2 -> 88.974 | M5: =$E5*M$2+0.5*$B5*M$2*M$2 -> 114.111 | N5: =$E5*N$2+0.5*$B5*N$2*N$2 -> 140.4054 | O5: =$E5*O$2+0.5*$B5*O$2*O$2 -> 167.8572 | ... S5: =$E5*S$2+0.5*$B5*S$2*S$2 -> 289.2384
A6: ='despacho auditado'!B46 -> md1 | B6: ='despacho auditado'!C46 -> -1.2755 | C6: ='despacho auditado'!D46 -> $/MW2h | D6: ='despacho auditado'!E46 -> pmaxD1 | E6: ='despacho auditado'!F46 -> 30.633 | G6: U1 ($/h) | H6: =-$E6*H$2+0.5*$B6*H$2*H$2 -> 0 | I6: =$E6*I$2+0.5*$B6*I$2*I$2 -> 86.15925 | J6: =$E6*J$2+0.5*$B6*J$2*J$2 -> 160.839 | K6: =$E6*K$2+0.5*$B6*K$2*K$2 -> 224.03925 | L6: =$E6*L$2+0.5*$B6*L$2*L$2 -> 275.76 | M6: =$E6*M$2+0.5*$B6*M$2*M$2 -> 316.00125 | N6: =$E6*N$2+0.5*$B6*N$2*N$2 -> 344.763 | O6: =$E6*O$2+0.5*$B6*O$2*O$2 -> 362.04525 | P6: =$E6*P$2+0.5*$B6*P$2*P$2 -> 367.848 | ... S6: =$E6*S$2+0.5*$B6*S$2*S$2 -> 316.37925
A7: ='despacho auditado'!B47 -> md2 | B7: ='despacho auditado'!C47 -> -1.3236 | C7: ='despacho auditado'!D47 -> $/MW2h | D7: ='despacho auditado'!E47 -> pmaxD2 | E7: ='despacho auditado'!F47 -> 28.876 | G7: U2 ($/h) | H7: =-$E7*H$2+0.5*$B7*H$2*H$2 -> 0 | I7: =$E7*I$2+0.5*$B7*I$2*I$2 -> 80.6718 | J7: =$E7*J$2+0.5*$B7*J$2*J$2 -> 149.4312 | K7: =$E7*K$2+0.5*$B7*K$2*K$2 -> 206.2782 | L7: =$E7*L$2+0.5*$B7*L$2*L$2 -> 251.2128 | M7: =$E7*M$2+0.5*$B7*M$2*M$2 -> 284.235 | N7: =$E7*N$2+0.5*$B7*N$2*N$2 -> 305.3448 | O7: =$E7*O$2+0.5*$B7*O$2*O$2 -> 314.5422 | P7: =$E7*P$2+0.5*$B7*P$2*P$2 -> 311.8272 | ... S7: =$E7*S$2+0.5*$B7*S$2*S$2 -> 232.2078
